{"cameraMode":{"drawMode":0,"name":"Shaded","section":"Shading Mode"},"sceneLighting":true,"audioPlay":false,"sceneViewState":{"showFog":true,"showMaterialUpdate":false,"showSkybox":true,"showFlares":true,"showImageEffects":true,"showParticleSystems":true},"in2DMode":false,"pivot":{"x":149.29403686523438,"y":3.2019801139831545,"z":-6.690290451049805},"rotation":{"x":0.09429837018251419,"y":-0.864005982875824,"z":0.17632046341896058,"w":0.46207940578460696},"size":15.67736530303955,"orthographic":false}